{"C++.pdf": 1778547903.4799788, "javascript_tutorial.pdf": 1778546812.3759034, "Learning_Python.pdf": 1778546910.6792648, "Programming-Fundamentals-1570222270.pdf": 1778550973.951168, "sicp.pdf": 1778551227.3909428}